n,k,p,crop
150,84,42,Sugar Cane-Suru
460,390,225,Pomegranate
150,70,42,Sugar Cane-Suru
153,72,42,Sugar Cane-Suru
250,100,60,Sugar Cane-Adasali
82,45,22,Cotton
12.5,25,7.5,Soyabeen
101.25,50,30,Sankrit corn
12,26,7,Soyabeen
12,26,7.5,Soyabeen
150,70,42,Sugar Cane-Suru
600,375,225,Guava
28,15,9,Soyabeen
460,450,225,Pomegranate
12,25,7.5,Soyabeen
12.5,25,7.5,Soyabeen
12.5,26,7.5,Soyabeen
12.5,26,7.5,Soyabeen
600,375,225,Guava
150,70,42,Sugar Cane-Suru
244,80,60,Sugar Cane-Adasali
250,162,93,Custard Apple
460,390,225,Pomegranate
150,70,42,Sugar Cane-Suru
101.25,60,30,Sankrit corn
101.25,52,30,Sankrit corn
460,390,225,Pomegranate
460,450,225,Pomegranate
12.5,25,7.5,Soyabeen
12.5,25,7.5,Soyabeen
101.25,50,30,Sankrit corn
12,30,7.5,Soyabeen
460,450,225,Pomegranate
460,375,225,Pomegranate
12,25,7.5,Soyabeen
266.56,8.74,1009.12,Soyabeen
257.15,9.41,552.16,Soyabeen
260.29,10.3,510.72,Soyabeen
244.61,35.84,672,Soyabeen
232,8.96,448,Soyabeen
250.88,22.4,296,Soyabeen
263.42,9.41,1060.64,Wheat
257.15,11.2,535.36,Cotton
257.15,11.2,535.36,Sugar Cane
250.88,10.53,1181,Sugar Cane
263.64,9.41,1060.64,Wheat
257.15,9.18,954.24,Onion
247.7,8.51,1094.24,Onion
247.74,8.51,1094.24,Onion
260.28,10.53,719.04,Onion
254.02,11.2,1160.32,Onion
263.42,8.96,308,Soyabeen
247.73,9.18,881.44,Wheat
250.88,9.63,876.48,Soyabeen
260.29,10.53,464.8,Wheat
254.02,11.2,1083.04,Wheat
247.74,9.86,1112.16,Wheat
250.88,8.51,831.04,Wheat
